<ImportExportXml version="7.0.0000.3027" SolutionPackageVersion="7.0" languagecode="1033" generatedBy="OnPremise" xmlns:xsi="http://www.w3.org/2001/XMLSchema-instance">
  <SolutionManifest>
    <UniqueName>MetadataBrowser</UniqueName>
    <LocalizedNames>
      <LocalizedName description="Metadata Browser" languagecode="1033" />
    </LocalizedNames>
    <Descriptions>
      <Description description="This is the metadata browser included in the Microsoft Dynamics CRM 2015 SDK.&#xA;For more information see : http://msdn.microsoft.com/en-us/library/hh547411.aspx&#xA;Changes from v2.0.0.5:&#xA; - Updated to use a modified version of the Sdk.Soap.js library (http://code.msdn.microsoft.com/SdkSoapjs-9b51b99a)&#xA; - No longer retrieving attributes with AttributeTypeName.Value = VirtualType.&#xA;   These attributes are not used in code.&#xA;- Changed Attribute List Type column to show AttributeTypeName.Value rather than AttributeType.&#xA; - Added new properties:&#xA;      EntityMetadata.CanChangeHierarchicalRelationship&#xA;      EntityMetadata.EntityHelpUrl&#xA;      EntityMetadata.EntityHelpUrlEnabled&#xA;      AttributeMetadata.SourceType&#xA;      AttributeMetadata.IsLogical&#xA;      BooleanAttributeMetadata.FormulaDefinition &#xA;      BooleanAttributeMetadata.SourceTypeMask&#xA;      DateTimeAttributeMetadata.FormulaDefinition&#xA;      DateTimeAttributeMetadata.SourceTypeMask &#xA;      DecimalAttributeMetadata.FormulaDefinition&#xA;      DecimalAttributeMetadata.SourceTypeMask &#xA;      IntegerAttributeMetadata.FormulaDefinition&#xA;      IntegerAttributeMetadata.SourceTypeMask  &#xA;      MoneyAttributeMetadata.FormulaDefinition&#xA;      MoneyAttributeMetadata.SourceTypeMask  &#xA;      MoneyAttributeMetadata.IsBaseCurrency&#xA;      PicklistAttributeMetadata.FormulaDefinition &#xA;      PicklistAttributeMetadata.SourceTypeMask  &#xA;      StringAttributeMetadata.FormulaDefinition &#xA;      StringAttributeMetadata.SourceTypeMask  &#xA;      StringAttributeMetadata.IsLocalizable&#xA;      OneToManyRelationshipMetadata.IsHierarchical" languagecode="1033" />
    </Descriptions>
    <Version>2.0.1.1</Version>
    <Managed>1</Managed>
    <ConfigurationPage>sample_/metadatabrowser/MetadataBrowserConfig.htm</ConfigurationPage>
    <Publisher>
      <UniqueName>microsoftdynamicscrmsdksamples</UniqueName>
      <LocalizedNames>
        <LocalizedName description="Microsoft Dynamics CRM SDK Samples" languagecode="1033" />
      </LocalizedNames>
      <Descriptions>
        <Description description="This publisher is used by samples created for the Microsoft Dynamics CRM Software Development Kit (SDK) documentation." languagecode="1033" />
      </Descriptions>
      <EMailAddress>mscrmdf@microsoft.com</EMailAddress>
      <SupportingWebsiteUrl>http://msdn.microsoft.com/en-us/dynamics/crm/default</SupportingWebsiteUrl>
      <CustomizationPrefix>sample</CustomizationPrefix>
      <CustomizationOptionValuePrefix>72700</CustomizationOptionValuePrefix>
      <Addresses>
        <Address>
          <AddressNumber>1</AddressNumber>
          <AddressTypeCode>1</AddressTypeCode>
          <City xsi:nil="true"></City>
          <County xsi:nil="true"></County>
          <Country xsi:nil="true"></Country>
          <Fax xsi:nil="true"></Fax>
          <FreightTermsCode xsi:nil="true"></FreightTermsCode>
          <ImportSequenceNumber xsi:nil="true"></ImportSequenceNumber>
          <Latitude xsi:nil="true"></Latitude>
          <Line1 xsi:nil="true"></Line1>
          <Line2 xsi:nil="true"></Line2>
          <Line3 xsi:nil="true"></Line3>
          <Longitude xsi:nil="true"></Longitude>
          <Name xsi:nil="true"></Name>
          <PostalCode xsi:nil="true"></PostalCode>
          <PostOfficeBox xsi:nil="true"></PostOfficeBox>
          <PrimaryContactName xsi:nil="true"></PrimaryContactName>
          <ShippingMethodCode>1</ShippingMethodCode>
          <StateOrProvince xsi:nil="true"></StateOrProvince>
          <Telephone1 xsi:nil="true"></Telephone1>
          <Telephone2 xsi:nil="true"></Telephone2>
          <Telephone3 xsi:nil="true"></Telephone3>
          <TimeZoneRuleVersionNumber xsi:nil="true"></TimeZoneRuleVersionNumber>
          <UPSZone xsi:nil="true"></UPSZone>
          <UTCOffset xsi:nil="true"></UTCOffset>
          <UTCConversionTimeZoneCode xsi:nil="true"></UTCConversionTimeZoneCode>
        </Address>
        <Address>
          <AddressNumber>2</AddressNumber>
          <AddressTypeCode>1</AddressTypeCode>
          <City xsi:nil="true"></City>
          <County xsi:nil="true"></County>
          <Country xsi:nil="true"></Country>
          <Fax xsi:nil="true"></Fax>
          <FreightTermsCode xsi:nil="true"></FreightTermsCode>
          <ImportSequenceNumber xsi:nil="true"></ImportSequenceNumber>
          <Latitude xsi:nil="true"></Latitude>
          <Line1 xsi:nil="true"></Line1>
          <Line2 xsi:nil="true"></Line2>
          <Line3 xsi:nil="true"></Line3>
          <Longitude xsi:nil="true"></Longitude>
          <Name xsi:nil="true"></Name>
          <PostalCode xsi:nil="true"></PostalCode>
          <PostOfficeBox xsi:nil="true"></PostOfficeBox>
          <PrimaryContactName xsi:nil="true"></PrimaryContactName>
          <ShippingMethodCode>1</ShippingMethodCode>
          <StateOrProvince xsi:nil="true"></StateOrProvince>
          <Telephone1 xsi:nil="true"></Telephone1>
          <Telephone2 xsi:nil="true"></Telephone2>
          <Telephone3 xsi:nil="true"></Telephone3>
          <TimeZoneRuleVersionNumber xsi:nil="true"></TimeZoneRuleVersionNumber>
          <UPSZone xsi:nil="true"></UPSZone>
          <UTCOffset xsi:nil="true"></UTCOffset>
          <UTCConversionTimeZoneCode xsi:nil="true"></UTCConversionTimeZoneCode>
        </Address>
      </Addresses>
    </Publisher>
    <RootComponents>
      <RootComponent type="61" schemaName="sample_/metadatabrowser/entitymetadatabrowser.htm" />
      <RootComponent type="61" schemaName="sample_/metadatabrowser/metadatabrowser.htm" />
      <RootComponent type="61" schemaName="sample_/metadatabrowser/MetadataBrowserConfig.htm" />
    </RootComponents>
    <MissingDependencies />
  </SolutionManifest>
</ImportExportXml>