<ImportExportXml xmlns:xsi="http://www.w3.org/2001/XMLSchema-instance">
  <Entities></Entities>
  <Roles></Roles>
  <Workflows></Workflows>
  <FieldSecurityProfiles></FieldSecurityProfiles>
  <Templates />
  <EntityMaps />
  <EntityRelationships />
  <OrganizationSettings />
  <optionsets />
  <WebResources>
    <WebResource>
      <WebResourceId>{bd4edcec-a881-e411-80d9-ac162db4bc5c}</WebResourceId>
      <Name>lat_/CRMRESTBuilder/css/Xrm.RESTBuilder.css</Name>
      <DisplayName>Xrm.RESTBuilder.css</DisplayName>
      <WebResourceType>2</WebResourceType>
      <IntroducedVersion>1.0</IntroducedVersion>
      <IsEnabledForMobileClient>0</IsEnabledForMobileClient>
      <IsCustomizable>1</IsCustomizable>
      <CanBeDeleted>1</CanBeDeleted>
      <IsHidden>0</IsHidden>
      <FileName>/WebResources/lat_CRMRESTBuildercssXrmRESTBuildercssBD4EDCEC-A881-E411-80D9-AC162DB4BC5C</FileName>
    </WebResource>
    <WebResource>
      <WebResourceId>{c04edcec-a881-e411-80d9-ac162db4bc5c}</WebResourceId>
      <Name>lat_/CRMRESTBuilder/Xrm.RESTBuilder.htm</Name>
      <DisplayName>Xrm.RESTBuilder.htm</DisplayName>
      <WebResourceType>1</WebResourceType>
      <IntroducedVersion>1.0</IntroducedVersion>
      <IsEnabledForMobileClient>0</IsEnabledForMobileClient>
      <IsCustomizable>1</IsCustomizable>
      <CanBeDeleted>1</CanBeDeleted>
      <IsHidden>0</IsHidden>
      <FileName>/WebResources/lat_CRMRESTBuilderXrmRESTBuilderhtmC04EDCEC-A881-E411-80D9-AC162DB4BC5C</FileName>
    </WebResource>
    <WebResource>
      <WebResourceId>{c34edcec-a881-e411-80d9-ac162db4bc5c}</WebResourceId>
      <Name>lat_/CRMRESTBuilder/css/smoothness/jqueryui1.10.3.custom.min.css</Name>
      <DisplayName>jqueryui1.10.3.custom.min.css</DisplayName>
      <WebResourceType>2</WebResourceType>
      <IntroducedVersion>1.0</IntroducedVersion>
      <IsEnabledForMobileClient>0</IsEnabledForMobileClient>
      <IsCustomizable>1</IsCustomizable>
      <CanBeDeleted>1</CanBeDeleted>
      <IsHidden>0</IsHidden>
      <FileName>/WebResources/lat_CRMRESTBuildercsssmoothnessjqueryui1103custommC34EDCEC-A881-E411-80D9-AC162DB4BC5C</FileName>
    </WebResource>
    <WebResource>
      <WebResourceId>{c64edcec-a881-e411-80d9-ac162db4bc5c}</WebResourceId>
      <Name>lat_/CRMRESTBuilder/css/smoothness/images/animatedoverlay.gif</Name>
      <DisplayName>animatedoverlay.gif</DisplayName>
      <WebResourceType>7</WebResourceType>
      <IntroducedVersion>1.0</IntroducedVersion>
      <IsEnabledForMobileClient>0</IsEnabledForMobileClient>
      <IsCustomizable>1</IsCustomizable>
      <CanBeDeleted>1</CanBeDeleted>
      <IsHidden>0</IsHidden>
      <FileName>/WebResources/lat_CRMRESTBuildercsssmoothnessimagesanimatedoverlC64EDCEC-A881-E411-80D9-AC162DB4BC5C</FileName>
    </WebResource>
    <WebResource>
      <WebResourceId>{c94edcec-a881-e411-80d9-ac162db4bc5c}</WebResourceId>
      <Name>lat_/CRMRESTBuilder/css/smoothness/images/uibgflat0aaaaaa40x100.png</Name>
      <DisplayName>uibgflat0aaaaaa40x100.png</DisplayName>
      <WebResourceType>5</WebResourceType>
      <IntroducedVersion>1.0</IntroducedVersion>
      <IsEnabledForMobileClient>0</IsEnabledForMobileClient>
      <IsCustomizable>1</IsCustomizable>
      <CanBeDeleted>1</CanBeDeleted>
      <IsHidden>0</IsHidden>
      <FileName>/WebResources/lat_CRMRESTBuildercsssmoothnessimagesuibgflat0aaaaC94EDCEC-A881-E411-80D9-AC162DB4BC5C</FileName>
    </WebResource>
    <WebResource>
      <WebResourceId>{cc4edcec-a881-e411-80d9-ac162db4bc5c}</WebResourceId>
      <Name>lat_/CRMRESTBuilder/css/smoothness/images/uibgflat75ffffff40x100.png</Name>
      <DisplayName>uibgflat75ffffff40x100.png</DisplayName>
      <WebResourceType>5</WebResourceType>
      <IntroducedVersion>1.0</IntroducedVersion>
      <IsEnabledForMobileClient>0</IsEnabledForMobileClient>
      <IsCustomizable>1</IsCustomizable>
      <CanBeDeleted>1</CanBeDeleted>
      <IsHidden>0</IsHidden>
      <FileName>/WebResources/lat_CRMRESTBuildercsssmoothnessimagesuibgflat75fffCC4EDCEC-A881-E411-80D9-AC162DB4BC5C</FileName>
    </WebResource>
    <WebResource>
      <WebResourceId>{cf4edcec-a881-e411-80d9-ac162db4bc5c}</WebResourceId>
      <Name>lat_/CRMRESTBuilder/css/smoothness/images/uibgglass55fbf9ee1x400.png</Name>
      <DisplayName>uibgglass55fbf9ee1x400.png</DisplayName>
      <WebResourceType>5</WebResourceType>
      <IntroducedVersion>1.0</IntroducedVersion>
      <IsEnabledForMobileClient>0</IsEnabledForMobileClient>
      <IsCustomizable>1</IsCustomizable>
      <CanBeDeleted>1</CanBeDeleted>
      <IsHidden>0</IsHidden>
      <FileName>/WebResources/lat_CRMRESTBuildercsssmoothnessimagesuibgglass55fbCF4EDCEC-A881-E411-80D9-AC162DB4BC5C</FileName>
    </WebResource>
    <WebResource>
      <WebResourceId>{d24edcec-a881-e411-80d9-ac162db4bc5c}</WebResourceId>
      <Name>lat_/CRMRESTBuilder/css/smoothness/images/uibgglass65ffffff1x400.png</Name>
      <DisplayName>uibgglass65ffffff1x400.png</DisplayName>
      <WebResourceType>5</WebResourceType>
      <IntroducedVersion>1.0</IntroducedVersion>
      <IsEnabledForMobileClient>0</IsEnabledForMobileClient>
      <IsCustomizable>1</IsCustomizable>
      <CanBeDeleted>1</CanBeDeleted>
      <IsHidden>0</IsHidden>
      <FileName>/WebResources/lat_CRMRESTBuildercsssmoothnessimagesuibgglass65ffD24EDCEC-A881-E411-80D9-AC162DB4BC5C</FileName>
    </WebResource>
    <WebResource>
      <WebResourceId>{d54edcec-a881-e411-80d9-ac162db4bc5c}</WebResourceId>
      <Name>lat_/CRMRESTBuilder/css/smoothness/images/uibgglass75dadada1x400.png</Name>
      <DisplayName>uibgglass75dadada1x400.png</DisplayName>
      <WebResourceType>5</WebResourceType>
      <IntroducedVersion>1.0</IntroducedVersion>
      <IsEnabledForMobileClient>0</IsEnabledForMobileClient>
      <IsCustomizable>1</IsCustomizable>
      <CanBeDeleted>1</CanBeDeleted>
      <IsHidden>0</IsHidden>
      <FileName>/WebResources/lat_CRMRESTBuildercsssmoothnessimagesuibgglass75daD54EDCEC-A881-E411-80D9-AC162DB4BC5C</FileName>
    </WebResource>
    <WebResource>
      <WebResourceId>{d84edcec-a881-e411-80d9-ac162db4bc5c}</WebResourceId>
      <Name>lat_/CRMRESTBuilder/css/smoothness/images/uibgglass75e6e6e61x400.png</Name>
      <DisplayName>uibgglass75e6e6e61x400.png</DisplayName>
      <WebResourceType>5</WebResourceType>
      <IntroducedVersion>1.0</IntroducedVersion>
      <IsEnabledForMobileClient>0</IsEnabledForMobileClient>
      <IsCustomizable>1</IsCustomizable>
      <CanBeDeleted>1</CanBeDeleted>
      <IsHidden>0</IsHidden>
      <FileName>/WebResources/lat_CRMRESTBuildercsssmoothnessimagesuibgglass75e6D84EDCEC-A881-E411-80D9-AC162DB4BC5C</FileName>
    </WebResource>
    <WebResource>
      <WebResourceId>{db4edcec-a881-e411-80d9-ac162db4bc5c}</WebResourceId>
      <Name>lat_/CRMRESTBuilder/css/smoothness/images/uibgglass95fef1ec1x400.png</Name>
      <DisplayName>uibgglass95fef1ec1x400.png</DisplayName>
      <WebResourceType>5</WebResourceType>
      <IntroducedVersion>1.0</IntroducedVersion>
      <IsEnabledForMobileClient>0</IsEnabledForMobileClient>
      <IsCustomizable>1</IsCustomizable>
      <CanBeDeleted>1</CanBeDeleted>
      <IsHidden>0</IsHidden>
      <FileName>/WebResources/lat_CRMRESTBuildercsssmoothnessimagesuibgglass95feDB4EDCEC-A881-E411-80D9-AC162DB4BC5C</FileName>
    </WebResource>
    <WebResource>
      <WebResourceId>{de4edcec-a881-e411-80d9-ac162db4bc5c}</WebResourceId>
      <Name>lat_/CRMRESTBuilder/css/smoothness/images/uibghighlightsoft75cccccc1x100.png</Name>
      <DisplayName>uibghighlightsoft75cccccc1x100.png</DisplayName>
      <WebResourceType>5</WebResourceType>
      <IntroducedVersion>1.0</IntroducedVersion>
      <IsEnabledForMobileClient>0</IsEnabledForMobileClient>
      <IsCustomizable>1</IsCustomizable>
      <CanBeDeleted>1</CanBeDeleted>
      <IsHidden>0</IsHidden>
      <FileName>/WebResources/lat_CRMRESTBuildercsssmoothnessimagesuibghighlightDE4EDCEC-A881-E411-80D9-AC162DB4BC5C</FileName>
    </WebResource>
    <WebResource>
      <WebResourceId>{4aaa06f3-a881-e411-80d9-ac162db4bc5c}</WebResourceId>
      <Name>lat_/CRMRESTBuilder/css/smoothness/images/uiicons222222256x240.png</Name>
      <DisplayName>uiicons222222256x240.png</DisplayName>
      <WebResourceType>5</WebResourceType>
      <IntroducedVersion>1.0</IntroducedVersion>
      <IsEnabledForMobileClient>0</IsEnabledForMobileClient>
      <IsCustomizable>1</IsCustomizable>
      <CanBeDeleted>1</CanBeDeleted>
      <IsHidden>0</IsHidden>
      <FileName>/WebResources/lat_CRMRESTBuildercsssmoothnessimagesuiicons2222224AAA06F3-A881-E411-80D9-AC162DB4BC5C</FileName>
    </WebResource>
    <WebResource>
      <WebResourceId>{4daa06f3-a881-e411-80d9-ac162db4bc5c}</WebResourceId>
      <Name>lat_/CRMRESTBuilder/css/smoothness/images/uiicons2e83ff256x240.png</Name>
      <DisplayName>uiicons2e83ff256x240.png</DisplayName>
      <WebResourceType>5</WebResourceType>
      <IntroducedVersion>1.0</IntroducedVersion>
      <IsEnabledForMobileClient>0</IsEnabledForMobileClient>
      <IsCustomizable>1</IsCustomizable>
      <CanBeDeleted>1</CanBeDeleted>
      <IsHidden>0</IsHidden>
      <FileName>/WebResources/lat_CRMRESTBuildercsssmoothnessimagesuiicons2e83ff4DAA06F3-A881-E411-80D9-AC162DB4BC5C</FileName>
    </WebResource>
    <WebResource>
      <WebResourceId>{50aa06f3-a881-e411-80d9-ac162db4bc5c}</WebResourceId>
      <Name>lat_/CRMRESTBuilder/css/smoothness/images/uiicons454545256x240.png</Name>
      <DisplayName>uiicons454545256x240.png</DisplayName>
      <WebResourceType>5</WebResourceType>
      <IntroducedVersion>1.0</IntroducedVersion>
      <IsEnabledForMobileClient>0</IsEnabledForMobileClient>
      <IsCustomizable>1</IsCustomizable>
      <CanBeDeleted>1</CanBeDeleted>
      <IsHidden>0</IsHidden>
      <FileName>/WebResources/lat_CRMRESTBuildercsssmoothnessimagesuiicons45454550AA06F3-A881-E411-80D9-AC162DB4BC5C</FileName>
    </WebResource>
    <WebResource>
      <WebResourceId>{53aa06f3-a881-e411-80d9-ac162db4bc5c}</WebResourceId>
      <Name>lat_/CRMRESTBuilder/css/smoothness/images/uiicons888888256x240.png</Name>
      <DisplayName>uiicons888888256x240.png</DisplayName>
      <WebResourceType>5</WebResourceType>
      <IntroducedVersion>1.0</IntroducedVersion>
      <IsEnabledForMobileClient>0</IsEnabledForMobileClient>
      <IsCustomizable>1</IsCustomizable>
      <CanBeDeleted>1</CanBeDeleted>
      <IsHidden>0</IsHidden>
      <FileName>/WebResources/lat_CRMRESTBuildercsssmoothnessimagesuiicons88888853AA06F3-A881-E411-80D9-AC162DB4BC5C</FileName>
    </WebResource>
    <WebResource>
      <WebResourceId>{56aa06f3-a881-e411-80d9-ac162db4bc5c}</WebResourceId>
      <Name>lat_/CRMRESTBuilder/css/smoothness/images/uiiconscd0a0a256x240.png</Name>
      <DisplayName>uiiconscd0a0a256x240.png</DisplayName>
      <WebResourceType>5</WebResourceType>
      <IntroducedVersion>1.0</IntroducedVersion>
      <IsEnabledForMobileClient>0</IsEnabledForMobileClient>
      <IsCustomizable>1</IsCustomizable>
      <CanBeDeleted>1</CanBeDeleted>
      <IsHidden>0</IsHidden>
      <FileName>/WebResources/lat_CRMRESTBuildercsssmoothnessimagesuiiconscd0a0a56AA06F3-A881-E411-80D9-AC162DB4BC5C</FileName>
    </WebResource>
    <WebResource>
      <WebResourceId>{59aa06f3-a881-e411-80d9-ac162db4bc5c}</WebResourceId>
      <Name>lat_/CRMRESTBuilder/scripts/jquery.blockUI.js</Name>
      <DisplayName>jquery.blockUI.js</DisplayName>
      <WebResourceType>3</WebResourceType>
      <IntroducedVersion>1.0</IntroducedVersion>
      <IsEnabledForMobileClient>0</IsEnabledForMobileClient>
      <IsCustomizable>1</IsCustomizable>
      <CanBeDeleted>1</CanBeDeleted>
      <IsHidden>0</IsHidden>
      <FileName>/WebResources/lat_CRMRESTBuilderscriptsjqueryblockUIjs59AA06F3-A881-E411-80D9-AC162DB4BC5C</FileName>
    </WebResource>
    <WebResource>
      <WebResourceId>{5caa06f3-a881-e411-80d9-ac162db4bc5c}</WebResourceId>
      <Name>lat_/CRMRESTBuilder/scripts/jquery1.9.1.min.js</Name>
      <DisplayName>jquery1.9.1.min.js</DisplayName>
      <WebResourceType>3</WebResourceType>
      <IntroducedVersion>1.0</IntroducedVersion>
      <IsEnabledForMobileClient>0</IsEnabledForMobileClient>
      <IsCustomizable>1</IsCustomizable>
      <CanBeDeleted>1</CanBeDeleted>
      <IsHidden>0</IsHidden>
      <FileName>/WebResources/lat_CRMRESTBuilderscriptsjquery191minjs5CAA06F3-A881-E411-80D9-AC162DB4BC5C</FileName>
    </WebResource>
    <WebResource>
      <WebResourceId>{5faa06f3-a881-e411-80d9-ac162db4bc5c}</WebResourceId>
      <Name>lat_/CRMRESTBuilder/scripts/jqueryui1.10.3.min.js</Name>
      <DisplayName>jqueryui1.10.3.min.js</DisplayName>
      <WebResourceType>3</WebResourceType>
      <IntroducedVersion>1.0</IntroducedVersion>
      <IsEnabledForMobileClient>0</IsEnabledForMobileClient>
      <IsCustomizable>1</IsCustomizable>
      <CanBeDeleted>1</CanBeDeleted>
      <IsHidden>0</IsHidden>
      <FileName>/WebResources/lat_CRMRESTBuilderscriptsjqueryui1103minjs5FAA06F3-A881-E411-80D9-AC162DB4BC5C</FileName>
    </WebResource>
    <WebResource>
      <WebResourceId>{62aa06f3-a881-e411-80d9-ac162db4bc5c}</WebResourceId>
      <Name>lat_/CRMRESTBuilder/scripts/json2.js</Name>
      <DisplayName>json2.js</DisplayName>
      <WebResourceType>3</WebResourceType>
      <IntroducedVersion>1.0</IntroducedVersion>
      <IsEnabledForMobileClient>0</IsEnabledForMobileClient>
      <IsCustomizable>1</IsCustomizable>
      <CanBeDeleted>1</CanBeDeleted>
      <IsHidden>0</IsHidden>
      <FileName>/WebResources/lat_CRMRESTBuilderscriptsjson2js62AA06F3-A881-E411-80D9-AC162DB4BC5C</FileName>
    </WebResource>
    <WebResource>
      <WebResourceId>{c35b01f9-a881-e411-80d9-ac162db4bc5c}</WebResourceId>
      <Name>lat_/CRMRESTBuilder/scripts/SDK.JQuery.js</Name>
      <DisplayName>SDK.JQuery.js</DisplayName>
      <WebResourceType>3</WebResourceType>
      <IntroducedVersion>1.0</IntroducedVersion>
      <IsEnabledForMobileClient>0</IsEnabledForMobileClient>
      <IsCustomizable>1</IsCustomizable>
      <CanBeDeleted>1</CanBeDeleted>
      <IsHidden>0</IsHidden>
      <FileName>/WebResources/lat_CRMRESTBuilderscriptsSDKJQueryjsC35B01F9-A881-E411-80D9-AC162DB4BC5C</FileName>
    </WebResource>
    <WebResource>
      <WebResourceId>{cc5b01f9-a881-e411-80d9-ac162db4bc5c}</WebResourceId>
      <Name>lat_/CRMRESTBuilder/scripts/SDK.REST.js</Name>
      <DisplayName>SDK.REST.js</DisplayName>
      <WebResourceType>3</WebResourceType>
      <IntroducedVersion>1.0</IntroducedVersion>
      <IsEnabledForMobileClient>0</IsEnabledForMobileClient>
      <IsCustomizable>1</IsCustomizable>
      <CanBeDeleted>1</CanBeDeleted>
      <IsHidden>0</IsHidden>
      <FileName>/WebResources/lat_CRMRESTBuilderscriptsSDKRESTjsCC5B01F9-A881-E411-80D9-AC162DB4BC5C</FileName>
    </WebResource>
    <WebResource>
      <WebResourceId>{cf5b01f9-a881-e411-80d9-ac162db4bc5c}</WebResourceId>
      <Name>lat_/CRMRESTBuilder/scripts/Xrm.RESTBuilder.js</Name>
      <DisplayName>Xrm.RESTBuilder.js</DisplayName>
      <WebResourceType>3</WebResourceType>
      <IntroducedVersion>1.0</IntroducedVersion>
      <IsEnabledForMobileClient>0</IsEnabledForMobileClient>
      <IsCustomizable>1</IsCustomizable>
      <CanBeDeleted>1</CanBeDeleted>
      <IsHidden>0</IsHidden>
      <FileName>/WebResources/lat_CRMRESTBuilderscriptsXrmRESTBuilderjsCF5B01F9-A881-E411-80D9-AC162DB4BC5C</FileName>
    </WebResource>
    <WebResource>
      <WebResourceId>{d25b01f9-a881-e411-80d9-ac162db4bc5c}</WebResourceId>
      <Name>lat_/CRMRESTBuilder/scripts/XrmServiceToolkit.js</Name>
      <DisplayName>XrmServiceToolkit.js</DisplayName>
      <WebResourceType>3</WebResourceType>
      <IntroducedVersion>1.0</IntroducedVersion>
      <IsEnabledForMobileClient>0</IsEnabledForMobileClient>
      <IsCustomizable>1</IsCustomizable>
      <CanBeDeleted>1</CanBeDeleted>
      <IsHidden>0</IsHidden>
      <FileName>/WebResources/lat_CRMRESTBuilderscriptsXrmServiceToolkitjsD25B01F9-A881-E411-80D9-AC162DB4BC5C</FileName>
    </WebResource>
    <WebResource>
      <WebResourceId>{89a618ff-a881-e411-80d9-ac162db4bc5c}</WebResourceId>
      <Name>lat_/CRMRESTBuilder/scripts/XrmSvcToolkit.js</Name>
      <DisplayName>XrmSvcToolkit.js</DisplayName>
      <WebResourceType>3</WebResourceType>
      <IntroducedVersion>1.0</IntroducedVersion>
      <IsEnabledForMobileClient>0</IsEnabledForMobileClient>
      <IsCustomizable>1</IsCustomizable>
      <CanBeDeleted>1</CanBeDeleted>
      <IsHidden>0</IsHidden>
      <FileName>/WebResources/lat_CRMRESTBuilderscriptsXrmSvcToolkitjs89A618FF-A881-E411-80D9-AC162DB4BC5C</FileName>
    </WebResource>
    <WebResource>
      <WebResourceId>{8ca618ff-a881-e411-80d9-ac162db4bc5c}</WebResourceId>
      <Name>lat_/CRMRESTBuilder/css/jsontree.css</Name>
      <DisplayName>jsontree.css</DisplayName>
      <WebResourceType>2</WebResourceType>
      <IntroducedVersion>1.0</IntroducedVersion>
      <IsEnabledForMobileClient>0</IsEnabledForMobileClient>
      <IsCustomizable>1</IsCustomizable>
      <CanBeDeleted>1</CanBeDeleted>
      <IsHidden>0</IsHidden>
      <FileName>/WebResources/lat_CRMRESTBuildercssjsontreecss8CA618FF-A881-E411-80D9-AC162DB4BC5C</FileName>
    </WebResource>
    <WebResource>
      <WebResourceId>{8fa618ff-a881-e411-80d9-ac162db4bc5c}</WebResourceId>
      <Name>lat_/CRMRESTBuilder/scripts/jsontree.js</Name>
      <DisplayName>jsontree.js</DisplayName>
      <WebResourceType>3</WebResourceType>
      <IntroducedVersion>1.0</IntroducedVersion>
      <IsEnabledForMobileClient>0</IsEnabledForMobileClient>
      <IsCustomizable>1</IsCustomizable>
      <CanBeDeleted>1</CanBeDeleted>
      <IsHidden>0</IsHidden>
      <FileName>/WebResources/lat_CRMRESTBuilderscriptsjsontreejs8FA618FF-A881-E411-80D9-AC162DB4BC5C</FileName>
    </WebResource>
    <WebResource>
      <WebResourceId>{92a618ff-a881-e411-80d9-ac162db4bc5c}</WebResourceId>
      <Name>lat_/CRMRESTBuilder/css/codemirror.css</Name>
      <DisplayName>codemirror.css</DisplayName>
      <WebResourceType>2</WebResourceType>
      <IntroducedVersion>1.0</IntroducedVersion>
      <IsEnabledForMobileClient>0</IsEnabledForMobileClient>
      <IsCustomizable>1</IsCustomizable>
      <CanBeDeleted>1</CanBeDeleted>
      <IsHidden>0</IsHidden>
      <FileName>/WebResources/lat_CRMRESTBuildercsscodemirrorcss92A618FF-A881-E411-80D9-AC162DB4BC5C</FileName>
    </WebResource>
    <WebResource>
      <WebResourceId>{95a618ff-a881-e411-80d9-ac162db4bc5c}</WebResourceId>
      <Name>lat_/CRMRESTBuilder/scripts/codemirror.js</Name>
      <DisplayName>codemirror.js</DisplayName>
      <WebResourceType>3</WebResourceType>
      <IntroducedVersion>1.0</IntroducedVersion>
      <IsEnabledForMobileClient>0</IsEnabledForMobileClient>
      <IsCustomizable>1</IsCustomizable>
      <CanBeDeleted>1</CanBeDeleted>
      <IsHidden>0</IsHidden>
      <FileName>/WebResources/lat_CRMRESTBuilderscriptscodemirrorjs95A618FF-A881-E411-80D9-AC162DB4BC5C</FileName>
    </WebResource>
    <WebResource>
      <WebResourceId>{98a618ff-a881-e411-80d9-ac162db4bc5c}</WebResourceId>
      <Name>lat_/CRMRESTBuilder/scripts/javascript.js</Name>
      <DisplayName>javascript.js</DisplayName>
      <WebResourceType>3</WebResourceType>
      <IntroducedVersion>1.0</IntroducedVersion>
      <IsEnabledForMobileClient>0</IsEnabledForMobileClient>
      <IsCustomizable>1</IsCustomizable>
      <CanBeDeleted>1</CanBeDeleted>
      <IsHidden>0</IsHidden>
      <FileName>/WebResources/lat_CRMRESTBuilderscriptsjavascriptjs98A618FF-A881-E411-80D9-AC162DB4BC5C</FileName>
    </WebResource>
    <WebResource>
      <WebResourceId>{9ba618ff-a881-e411-80d9-ac162db4bc5c}</WebResourceId>
      <Name>lat_/CRMRESTBuilder/scripts/xml.js</Name>
      <DisplayName>xml.js</DisplayName>
      <WebResourceType>3</WebResourceType>
      <IntroducedVersion>1.0</IntroducedVersion>
      <IsEnabledForMobileClient>0</IsEnabledForMobileClient>
      <IsCustomizable>1</IsCustomizable>
      <CanBeDeleted>1</CanBeDeleted>
      <IsHidden>0</IsHidden>
      <FileName>/WebResources/lat_CRMRESTBuilderscriptsxmljs9BA618FF-A881-E411-80D9-AC162DB4BC5C</FileName>
    </WebResource>
    <WebResource>
      <WebResourceId>{8fcbe1e1-ad81-e411-80d9-ac162db4bc5c}</WebResourceId>
      <Name>lat_/CRMRESTBuilder/scripts/Sdk.Soap.min.js</Name>
      <DisplayName>Sdk.Soap.min.js</DisplayName>
      <WebResourceType>3</WebResourceType>
      <IntroducedVersion>1.0</IntroducedVersion>
      <IsEnabledForMobileClient>0</IsEnabledForMobileClient>
      <IsCustomizable>1</IsCustomizable>
      <CanBeDeleted>1</CanBeDeleted>
      <IsHidden>0</IsHidden>
      <FileName>/WebResources/lat_CRMRESTBuilderscriptsSdkSoapminjs8FCBE1E1-AD81-E411-80D9-AC162DB4BC5C</FileName>
    </WebResource>
    <WebResource>
      <WebResourceId>{cd76b728-8882-e411-80d9-ac162db4bc5c}</WebResourceId>
      <Name>lat_/CRMRESTBuilder/scripts/Sdk.RetrieveMetadataChanges.js</Name>
      <DisplayName>Sdk.RetrieveMetadataChanges.js</DisplayName>
      <WebResourceType>3</WebResourceType>
      <IntroducedVersion>1.0</IntroducedVersion>
      <IsEnabledForMobileClient>0</IsEnabledForMobileClient>
      <IsCustomizable>1</IsCustomizable>
      <CanBeDeleted>1</CanBeDeleted>
      <IsHidden>0</IsHidden>
      <FileName>/WebResources/lat_CRMRESTBuilderscriptsSdkRetrieveMetadataChangeCD76B728-8882-E411-80D9-AC162DB4BC5C</FileName>
    </WebResource>
  </WebResources>
  <Languages>
    <Language>1033</Language>
  </Languages>
</ImportExportXml>